customer_id,start_date,tenure_months,monthly_charges,usage_frequency,support_tickets,auto_renew,payment_method,contract_type,churn
10001,13/04/2025,18,529.16,11,1,0,Net Banking,Quarterly,0
10002,15/12/2025,21,498.81,11,1,1,UPI,Quarterly,0
10003,28/09/2025,17,452.82,2,0,1,Net Banking,Monthly,1
10004,17/04/2025,7,554.68,5,0,1,UPI,Yearly,0
10005,13/03/2025,17,446.37,5,2,0,UPI,Quarterly,0
10006,08/07/2025,20,638.96,6,1,1,Debit Card,Yearly,1
10007,21/01/2025,9,567.21,12,2,1,UPI,Quarterly,0
10008,13/04/2025,17,570.95,5,2,0,UPI,Monthly,1
10009,02/05/2025,20,438.15,7,1,0,UPI,Quarterly,1
10010,03/08/2025,22,470.64,7,1,1,Debit Card,Monthly,0
10011,27/11/2025,22,356.45,13,0,1,UPI,Quarterly,0
10012,29/03/2025,8,,9,1,0,Credit Card,Quarterly,1
10013,10/04/2025,17,374.61,8,0,0,Debit Card,Yearly,0
10014,26/12/2025,7,656.57,8,2,1,Debit Card,Monthly,0
10015,01/06/2025,1,505.06,4,6,0,Net Banking,Monthly,1
10016,11/05/2025,13,519.46,10,2,1,Credit Card,Monthly,0
10017,30/05/2025,23,,13,1,1,UPI,Monthly,0
10018,05/11/2025,19,522.71,6,1,1,UPI,Yearly,0
10019,15/09/2025,19,794.79,9,5,1,Credit Card,Yearly,0
10020,10/12/2025,17,462.98,9,0,0,Debit Card,Quarterly,0
10021,21/10/2025,13,420.95,9,4,0,UPI,Yearly,0
10022,11/07/2025,16,562.56,3,1,1,UPI,Monthly,0
10023,04/10/2025,8,199,8,0,1,Debit Card,Monthly,0
10024,10/06/2025,19,506.67,9,0,1,Debit Card,Monthly,0
10025,10/11/2025,18,454.39,7,0,1,Debit Card,Yearly,0
10026,22/01/2025,1,379.92,6,1,1,Debit Card,Quarterly,0
10027,10/09/2025,14,559.93,4,2,1,Debit Card,Quarterly,1
10028,24/08/2025,19,505.48,16,0,1,Debit Card,Monthly,0
10029,11/12/2025,15,282.71,11,1,1,Credit Card,Monthly,0
10030,18/02/2025,18,421.42,9,0,1,Net Banking,Yearly,0
10031,28/02/2025,2,199,,0,0,Credit Card,Monthly,0
10032,19/06/2025,22,534.19,13,1,1,UPI,Quarterly,0
10033,07/07/2025,17,533,4,2,1,UPI,Monthly,0
10034,28/09/2025,18,403.81,10,2,0,Debit Card,Monthly,1
10035,09/07/2025,6,563.81,8,1,1,Net Banking,Quarterly,0
10036,24/06/2025,19,345.1,8,0,1,UPI,Monthly,0
10037,20/02/2025,4,383.02,5,4,1,UPI,Quarterly,0
10038,30/12/2025,1,549.06,9,4,0,Net Banking,Quarterly,1
10039,24/02/2025,8,416.36,5,1,1,Net Banking,Quarterly,0
10040,01/09/2025,23,491.48,6,1,0,UPI,Quarterly,1
10041,16/11/2025,7,431.36,8,,1,UPI,Quarterly,0
10042,11/05/2025,3,449.69,5,1,0,Debit Card,Monthly,1
10043,03/11/2025,10,454.93,13,2,1,UPI,Quarterly,0
10044,15/05/2025,10,414.19,11,0,1,Net Banking,Quarterly,0
10045,21/01/2025,19,535.29,,1,1,UPI,Monthly,0
10046,25/11/2025,14,423.65,6,1,1,UPI,Yearly,0
10047,16/06/2025,2,500.88,9,0,1,UPI,Quarterly,0
10048,01/10/2025,1,411.55,9,0,0,UPI,Yearly,0
10049,30/03/2025,23,314.88,3,3,0,UPI,Yearly,1
10050,12/11/2025,23,608.49,7,2,0,UPI,Monthly,1
10051,14/01/2025,18,558.94,8,1,0,Debit Card,Quarterly,0
10052,30/08/2025,7,773.64,8,0,1,UPI,Monthly,0
10053,22/09/2025,8,373.72,7,0,1,Net Banking,Monthly,0
10054,12/12/2025,1,473.92,6,0,0,UPI,Yearly,0
10055,22/02/2025,23,483.58,5,1,1,Debit Card,Quarterly,0
10056,06/12/2025,3,,10,0,1,UPI,Monthly,0
10057,02/04/2025,23,438.15,5,1,0,UPI,Quarterly,1
10058,21/09/2025,8,358.47,8,0,1,Credit Card,Yearly,0
10059,04/02/2025,22,643.94,8,1,0,Credit Card,Quarterly,0
10060,25/07/2025,15,461,8,2,1,Debit Card,Quarterly,0
10061,22/03/2025,5,604.44,6,1,1,Debit Card,Quarterly,0
10062,19/02/2025,3,,8,3,1,Debit Card,Monthly,1
10063,26/12/2025,19,495.41,7,4,0,Credit Card,Monthly,0
10064,02/01/2025,1,478.08,10,3,1,Net Banking,Quarterly,0
10065,23/02/2025,15,452.01,7,,1,Credit Card,Monthly,0
10066,16/04/2025,8,497.18,8,1,1,Net Banking,Quarterly,1
10067,17/09/2025,2,602.57,9,2,1,Debit Card,Quarterly,0
10068,06/11/2025,3,403.43,,2,1,UPI,Quarterly,0
10069,10/07/2025,14,512.06,6,1,1,UPI,Monthly,0
10070,06/08/2025,14,364.76,9,0,1,Credit Card,Monthly,0
10071,13/02/2025,11,379.71,7,2,1,Debit Card,Monthly,0
10072,11/06/2025,16,495.29,8,0,1,Credit Card,Quarterly,0
10073,21/07/2025,4,263.78,11,2,1,Debit Card,Monthly,0
10074,27/09/2025,20,746.27,7,0,1,UPI,Quarterly,0
10075,17/12/2025,5,355.83,9,2,1,UPI,Monthly,0
10076,31/10/2025,22,494.19,8,3,1,UPI,Quarterly,1
10077,28/09/2025,21,639.19,6,5,0,Credit Card,Monthly,1
10078,03/08/2025,14,395.45,6,1,0,Debit Card,Quarterly,0
10079,09/09/2025,23,222.68,14,2,1,UPI,Monthly,0
10080,09/07/2025,16,445.61,12,1,0,Credit Card,Monthly,0
10081,23/10/2025,18,394.02,5,0,0,UPI,Yearly,1
10082,01/08/2025,7,225.84,12,2,1,UPI,Monthly,0
10083,27/07/2025,10,533.19,8,1,1,Debit Card,Quarterly,0
10084,25/08/2025,7,523.85,7,1,0,UPI,Yearly,0
10085,04/12/2025,1,636.08,4,0,0,Debit Card,Quarterly,1
10086,22/02/2025,23,364.5,,1,1,Debit Card,Yearly,0
10087,07/10/2025,21,307.1,5,2,0,Net Banking,Monthly,0
10088,05/08/2025,19,450.19,4,,1,UPI,Monthly,0
10089,09/09/2025,16,488.4,7,1,0,Credit Card,Monthly,0
10090,07/07/2025,19,609.56,9,1,1,Debit Card,Monthly,1
10091,10/02/2025,4,668.27,7,0,1,Debit Card,Monthly,1
10092,06/06/2025,18,644.74,6,1,1,Debit Card,Monthly,1
10093,15/01/2025,2,532.19,7,2,0,UPI,Quarterly,1
10094,28/10/2025,1,594.94,4,1,1,UPI,Yearly,0
10095,06/03/2025,15,422.14,9,2,1,Credit Card,Monthly,0
10096,11/12/2025,5,519.21,10,2,0,Debit Card,Monthly,1
10097,23/11/2025,20,356.05,11,2,1,UPI,Monthly,0
10098,09/01/2025,11,506.52,11,1,1,UPI,Monthly,0
10099,10/12/2025,10,509.64,8,0,1,Debit Card,Quarterly,0
10100,09/05/2025,2,705.66,10,3,0,UPI,Monthly,0
10101,16/05/2025,3,471.52,9,5,0,UPI,Monthly,1
10102,04/03/2025,23,509.81,8,0,1,UPI,Quarterly,0
10103,19/05/2025,23,527.44,3,0,1,UPI,Yearly,0
10104,22/03/2025,12,444.42,5,1,1,Credit Card,Quarterly,0
10105,12/06/2025,20,402.7,7,2,1,UPI,Quarterly,0
10106,16/10/2025,5,654.86,7,1,0,UPI,Monthly,0
10107,18/09/2025,5,381.29,8,2,1,UPI,Monthly,0
10108,19/08/2025,6,339.65,5,4,0,UPI,Monthly,1
10109,10/02/2025,9,580.63,7,1,1,Debit Card,Monthly,1
10110,28/01/2025,2,637.94,7,1,1,UPI,Yearly,0
10111,15/05/2025,21,444.83,7,2,1,Credit Card,Quarterly,0
10112,20/07/2025,12,446.67,7,2,1,UPI,Monthly,0
10113,24/11/2025,3,532.91,10,2,0,UPI,Monthly,1
10114,25/09/2025,20,414.06,7,1,1,UPI,Monthly,0
10115,02/02/2025,22,405.19,9,2,0,UPI,Quarterly,0
10116,17/02/2025,12,604.55,7,0,0,Debit Card,Monthly,0
10117,03/03/2025,17,571.86,5,0,0,Credit Card,Monthly,0
10118,04/08/2025,10,656.34,8,3,1,Debit Card,Quarterly,0
10119,20/10/2025,14,348.69,12,5,0,UPI,Monthly,0
10120,09/04/2025,23,,4,2,1,UPI,Monthly,0
10121,21/06/2025,17,532.74,9,0,1,UPI,Monthly,0
10122,26/12/2025,18,387.93,7,3,1,Debit Card,Monthly,0
10123,02/08/2025,19,576,9,0,0,UPI,Monthly,0
10124,04/02/2025,17,645.96,10,0,0,Credit Card,Monthly,1
10125,15/08/2025,14,429,6,0,1,UPI,Quarterly,0
10126,11/04/2025,9,503.63,11,1,1,UPI,Quarterly,0
10127,11/05/2025,8,673.67,6,3,0,Net Banking,Quarterly,0
10128,14/09/2025,2,714.91,9,2,1,Credit Card,Yearly,1
10129,05/01/2025,13,588.5,9,0,1,Debit Card,Monthly,0
10130,06/08/2025,7,570.21,7,0,1,Debit Card,Yearly,0
10131,12/09/2025,9,396.55,7,0,1,Credit Card,Monthly,0
10132,25/12/2025,22,542.11,8,0,1,UPI,Monthly,0
10133,10/10/2025,22,565.82,12,1,1,Credit Card,Monthly,0
10134,26/07/2025,11,473.76,7,4,1,UPI,Monthly,0
10135,15/01/2025,14,427.63,4,1,1,Credit Card,Yearly,0
10136,12/12/2025,4,,,4,1,Credit Card,Monthly,1
10137,11/02/2025,13,290.47,7,0,0,Debit Card,Monthly,0
10138,28/06/2025,2,265.25,7,0,1,Debit Card,Monthly,0
10139,04/03/2025,23,568.53,5,3,0,Debit Card,Monthly,1
10140,18/12/2025,5,516.72,7,5,0,UPI,Monthly,1
10141,19/08/2025,11,440.94,6,1,1,UPI,Monthly,0
10142,29/08/2025,6,459.23,7,0,1,UPI,Monthly,0
10143,21/02/2025,18,524.26,7,2,1,Debit Card,Yearly,0
10144,06/04/2025,21,479.25,11,2,1,Net Banking,Monthly,0
10145,10/08/2025,10,338.13,10,1,1,UPI,Monthly,0
10146,19/08/2025,4,608.56,8,2,0,UPI,Quarterly,0
10147,25/08/2025,9,535.5,11,1,1,Credit Card,Yearly,0
10148,23/05/2025,6,530.91,7,1,1,Net Banking,Monthly,0
10149,20/06/2025,2,599.51,11,0,1,Credit Card,Monthly,0
10150,29/01/2025,17,401.36,4,0,1,UPI,Yearly,0
10151,05/02/2025,5,644.65,6,2,0,Net Banking,Monthly,1
10152,13/01/2025,6,482.19,8,4,1,Debit Card,Quarterly,1
10153,09/06/2025,12,605.63,12,1,1,UPI,Monthly,0
10154,23/11/2025,23,587.13,6,2,0,Net Banking,Yearly,0
10155,06/07/2025,21,374.34,6,1,1,Credit Card,Yearly,0
10156,31/08/2025,10,559.35,8,0,1,UPI,Yearly,0
10157,27/03/2025,22,538.15,10,0,0,Credit Card,Monthly,1
10158,11/10/2025,21,502.64,9,3,1,Debit Card,Monthly,0
10159,07/03/2025,6,487.68,13,2,1,Debit Card,Monthly,0
10160,19/06/2025,8,488.69,8,1,1,UPI,Yearly,0
10161,14/02/2025,2,596.52,11,0,0,Net Banking,Yearly,0
10162,03/03/2025,12,568.35,10,2,0,UPI,Monthly,1
10163,14/05/2025,13,502.66,11,0,0,Debit Card,Quarterly,0
10164,11/10/2025,21,319.97,13,0,1,Credit Card,Monthly,0
10165,28/01/2025,7,558.33,6,1,1,UPI,Monthly,0
10166,18/04/2025,10,585.83,12,2,1,UPI,Quarterly,0
10167,13/02/2025,13,775.05,7,2,1,Net Banking,Monthly,1
10168,06/12/2025,17,628.05,9,0,0,Credit Card,Monthly,1
10169,13/10/2025,21,271.1,5,1,1,Debit Card,Monthly,1
10170,27/11/2025,14,508.41,8,0,1,Credit Card,Yearly,0
10171,08/05/2025,2,716.37,10,0,1,Debit Card,Yearly,0
10172,14/12/2025,22,573.83,9,4,1,Credit Card,Yearly,0
10173,19/08/2025,11,538.44,2,1,1,UPI,Quarterly,1
10174,09/07/2025,1,607.03,8,0,1,UPI,Quarterly,0
10175,13/08/2025,19,424.31,7,0,1,Net Banking,Monthly,0
10176,10/10/2025,21,556.37,4,0,1,Credit Card,Yearly,0
10177,01/05/2025,4,468.94,8,0,1,UPI,Quarterly,0
10178,26/04/2025,19,,13,1,1,Net Banking,Quarterly,0
10179,21/08/2025,21,598.41,5,3,1,Debit Card,Quarterly,1
10180,16/09/2025,11,387.79,4,,0,UPI,Yearly,0
10181,25/12/2025,8,653.56,9,0,0,Net Banking,Monthly,0
10182,17/07/2025,11,448.26,4,0,1,Debit Card,Monthly,1
10183,17/05/2025,4,530.28,6,2,0,UPI,Quarterly,0
10184,14/11/2025,17,330.94,8,0,0,UPI,Yearly,0
10185,14/06/2025,7,585.38,11,1,1,Debit Card,Quarterly,0
10186,13/08/2025,8,672.58,8,1,0,Debit Card,Monthly,1
10187,03/11/2025,3,437.24,4,1,1,UPI,Monthly,0
10188,22/08/2025,22,365.77,6,1,1,UPI,Quarterly,0
10189,21/06/2025,2,532.36,9,2,1,UPI,Quarterly,0
10190,01/06/2025,23,673.58,9,6,0,Credit Card,Quarterly,0
10191,11/11/2025,15,325.02,6,6,0,UPI,Monthly,1
10192,09/06/2025,22,366.24,10,5,1,UPI,Yearly,1
10193,06/04/2025,22,444.5,6,1,1,Debit Card,Quarterly,0
10194,21/08/2025,5,400.56,4,2,1,Debit Card,Quarterly,1
10195,29/06/2025,1,400.94,4,0,0,Credit Card,Monthly,0
10196,23/04/2025,4,247.71,8,4,1,UPI,Monthly,0
10197,14/11/2025,15,569.69,9,1,0,Credit Card,Yearly,0
10198,21/02/2025,20,539.65,10,1,1,UPI,Monthly,0
10199,25/09/2025,19,295.14,13,2,1,Net Banking,Quarterly,0
10200,22/10/2025,3,673.86,11,1,1,Debit Card,Monthly,0
10201,23/04/2025,20,700.73,8,1,1,UPI,Quarterly,0
10202,11/04/2025,11,408.89,11,0,1,UPI,Monthly,0
10203,23/04/2025,17,638.99,1,1,1,Credit Card,Monthly,0
10204,22/03/2025,13,430.24,14,2,1,Credit Card,Yearly,0
10205,06/07/2025,11,520.73,10,0,1,Credit Card,Quarterly,0
10206,23/04/2025,2,398.71,9,2,1,Debit Card,Monthly,0
10207,02/01/2025,9,764.71,10,3,1,Debit Card,Monthly,1
10208,10/05/2025,2,463.48,6,3,1,Credit Card,Yearly,0
10209,08/08/2025,21,514.17,12,1,1,Net Banking,Monthly,1
10210,23/02/2025,9,416.45,6,,1,Debit Card,Quarterly,0
10211,09/12/2025,9,722.36,11,2,0,Debit Card,Monthly,0
10212,12/08/2025,8,725.39,7,0,1,Net Banking,Yearly,0
10213,13/08/2025,17,694.71,7,1,0,UPI,Quarterly,0
10214,06/05/2025,1,613.77,7,2,1,UPI,Quarterly,1
10215,10/05/2025,11,424.03,3,3,1,Net Banking,Monthly,1
10216,22/02/2025,8,598.34,5,2,1,Debit Card,Yearly,0
10217,21/06/2025,10,498.15,7,1,1,Net Banking,Monthly,0
10218,06/08/2025,7,656.49,14,0,1,UPI,Yearly,0
10219,09/06/2025,3,632.91,,2,0,Credit Card,Monthly,0
10220,17/07/2025,3,421.09,4,4,1,UPI,Quarterly,0
10221,04/09/2025,18,612.74,,0,1,Credit Card,Monthly,0
10222,20/11/2025,5,,9,2,1,UPI,Quarterly,0
10223,22/07/2025,12,199,5,1,0,UPI,Monthly,0
10224,03/07/2025,12,595.11,5,0,1,UPI,Monthly,0
10225,03/05/2025,19,447.18,7,4,1,Credit Card,Monthly,0
10226,12/09/2025,6,392.67,13,0,1,UPI,Monthly,0
10227,21/10/2025,2,397.81,10,2,1,UPI,Monthly,0
10228,07/10/2025,12,482.77,10,2,1,UPI,Monthly,0
10229,21/11/2025,19,556.61,5,2,1,UPI,Yearly,0
10230,08/04/2025,5,335.14,7,2,1,Net Banking,Monthly,1
10231,17/07/2025,12,521.78,5,3,1,UPI,Quarterly,1
10232,28/08/2025,17,568.21,11,0,1,UPI,Monthly,0
10233,24/05/2025,17,722.42,7,1,0,Debit Card,Quarterly,0
10234,07/04/2025,10,369.8,9,1,1,Credit Card,Monthly,0
10235,20/07/2025,23,457.05,7,1,0,Debit Card,Yearly,0
10236,04/05/2025,17,530.4,8,1,0,Credit Card,Yearly,0
10237,06/07/2025,15,636.69,6,2,0,Net Banking,Monthly,1
10238,22/11/2025,12,462.49,2,0,0,UPI,Quarterly,1
10239,15/12/2025,16,642.84,6,0,1,Net Banking,Monthly,1
10240,16/09/2025,19,266.52,6,2,1,Debit Card,Quarterly,0
10241,28/05/2025,8,348.6,12,1,0,Credit Card,Monthly,0
10242,09/09/2025,21,540.84,5,3,1,Debit Card,Monthly,1
10243,12/12/2025,17,329.7,5,1,1,Credit Card,Monthly,1
10244,27/05/2025,23,358.06,6,2,1,UPI,Quarterly,1
10245,28/05/2025,5,435.67,6,4,1,UPI,Monthly,0
10246,18/12/2025,22,591.57,9,1,1,Net Banking,Quarterly,0
10247,18/07/2025,16,271.48,12,0,0,Credit Card,Quarterly,0
10248,04/11/2025,6,519.44,10,2,0,UPI,Monthly,1
10249,08/05/2025,8,622.96,5,4,0,Debit Card,Quarterly,1
10250,08/02/2025,18,475.61,10,1,1,Credit Card,Yearly,0
10251,04/12/2025,12,454.74,12,1,1,UPI,Yearly,0
10252,26/12/2025,15,547.21,4,2,0,Debit Card,Quarterly,0
10253,09/05/2025,9,475.95,8,1,0,Debit Card,Quarterly,1
10254,24/09/2025,13,665.86,8,2,0,UPI,Quarterly,0
10255,31/05/2025,15,365.63,7,1,1,Net Banking,Monthly,0
10256,25/10/2025,10,,6,2,1,UPI,Monthly,0
10257,09/04/2025,16,523.68,6,1,1,Credit Card,Monthly,0
10258,20/09/2025,7,453.59,8,1,0,UPI,Monthly,1
10259,09/09/2025,17,199,9,1,1,Credit Card,Monthly,0
10260,24/05/2025,23,479.69,11,2,0,UPI,Yearly,0
10261,12/12/2025,21,607.02,11,1,1,UPI,Monthly,0
10262,22/04/2025,22,592.37,6,2,0,Debit Card,Quarterly,1
10263,01/03/2025,7,541.57,8,1,1,UPI,Quarterly,0
10264,02/01/2025,14,367.26,10,2,1,Debit Card,Monthly,0
10265,31/10/2025,15,546.44,6,1,1,Credit Card,Monthly,1
10266,11/09/2025,21,430.19,7,2,1,Net Banking,Quarterly,0
10267,20/05/2025,7,541.42,6,0,1,Credit Card,Quarterly,0
10268,06/02/2025,9,513.58,8,4,0,UPI,Yearly,0
10269,09/06/2025,19,381.83,8,3,1,UPI,Monthly,0
10270,09/01/2025,16,391.91,13,2,1,Net Banking,Yearly,0
10271,21/08/2025,8,541.6,5,0,1,Debit Card,Monthly,0
10272,09/04/2025,18,472.47,9,0,1,UPI,Quarterly,0
10273,27/05/2025,23,398.17,8,1,1,Credit Card,Quarterly,0
10274,31/10/2025,18,388.26,11,1,1,Credit Card,Monthly,0
10275,27/07/2025,20,462.54,7,3,0,Net Banking,Monthly,1
10276,11/05/2025,7,687.17,,1,1,Net Banking,Monthly,0
10277,01/06/2025,3,435.87,4,4,0,Net Banking,Monthly,1
10278,23/02/2025,18,497.32,7,5,1,Net Banking,Quarterly,0
10279,30/04/2025,10,511.2,8,1,1,Net Banking,Monthly,0
10280,10/06/2025,7,363.28,12,1,0,UPI,Quarterly,0
10281,26/04/2025,17,287.46,8,3,1,Debit Card,Monthly,0
10282,16/03/2025,14,375.8,7,3,1,Debit Card,Quarterly,0
10283,23/04/2025,3,528.65,9,3,1,Net Banking,Quarterly,0
10284,14/04/2025,12,509.48,9,2,0,Credit Card,Quarterly,1
10285,06/12/2025,13,583.29,10,2,1,UPI,Quarterly,0
10286,11/09/2025,2,510.61,4,2,1,Credit Card,Monthly,1
10287,15/08/2025,3,485.85,5,1,1,Debit Card,Yearly,0
10288,22/04/2025,5,426.52,10,1,1,UPI,Monthly,0
10289,09/04/2025,11,605.15,13,2,0,UPI,Monthly,0
10290,02/06/2025,8,388.7,13,2,1,Credit Card,Monthly,1
10291,15/12/2025,23,365.75,7,1,1,UPI,Quarterly,0
10292,04/12/2025,23,567.05,8,,1,UPI,Quarterly,0
10293,13/07/2025,12,339.02,6,3,0,UPI,Quarterly,1
10294,06/11/2025,7,788.77,10,4,1,Net Banking,Monthly,1
10295,12/06/2025,15,508.6,8,1,1,Debit Card,Monthly,0
10296,27/07/2025,17,540.75,5,3,1,UPI,Yearly,1
10297,18/06/2025,4,401.99,10,1,1,Debit Card,Quarterly,0
10298,10/06/2025,22,461.17,13,3,1,Debit Card,Monthly,0
10299,09/03/2025,13,,3,1,1,UPI,Quarterly,0
10300,16/10/2025,18,433.98,10,1,0,UPI,Monthly,0
10301,04/10/2025,1,574.96,1,2,1,Credit Card,Monthly,0
10302,31/10/2025,16,445.05,5,2,1,Credit Card,Monthly,1
10303,15/05/2025,13,621.1,10,1,1,Debit Card,Monthly,0
10304,14/07/2025,10,818.58,13,0,0,Credit Card,Monthly,0
10305,08/05/2025,12,463.54,11,0,1,UPI,Yearly,0
10306,02/02/2025,2,517.28,6,3,0,Net Banking,Quarterly,0
10307,25/06/2025,23,544.54,9,0,0,UPI,Monthly,1
10308,22/01/2025,3,716.38,11,1,1,Debit Card,Quarterly,1
10309,26/08/2025,10,489.08,8,1,1,UPI,Yearly,0
10310,07/06/2025,2,399.52,6,3,0,UPI,Monthly,0
10311,07/02/2025,23,347.04,4,1,1,Credit Card,Yearly,0
10312,18/08/2025,13,492.04,10,2,1,UPI,Quarterly,0
10313,31/12/2025,13,445.19,13,1,1,Credit Card,Monthly,0
10314,20/02/2025,18,740.2,6,1,0,UPI,Monthly,0
10315,21/09/2025,3,711.38,6,2,1,Credit Card,Monthly,0
10316,10/10/2025,7,374.88,8,3,1,Debit Card,Quarterly,0
10317,27/01/2025,14,413.71,8,2,0,UPI,Monthly,1
10318,14/08/2025,20,507.85,10,0,1,Net Banking,Quarterly,0
10319,04/10/2025,17,666.67,7,1,1,UPI,Quarterly,0
10320,13/10/2025,21,505.84,8,1,0,UPI,Monthly,0
10321,07/04/2025,12,421.33,8,1,1,Debit Card,Yearly,0
10322,11/10/2025,16,491.93,13,2,1,Credit Card,Yearly,0
10323,13/11/2025,12,423.58,8,1,1,Credit Card,Monthly,0
10324,31/10/2025,15,571.3,6,0,1,UPI,Yearly,0
10325,27/05/2025,10,413.92,9,1,1,Debit Card,Monthly,0
10326,04/01/2025,7,437.75,6,4,1,Credit Card,Monthly,0
10327,04/02/2025,20,638.43,7,2,1,UPI,Monthly,1
10328,11/07/2025,5,406.8,6,0,1,UPI,Quarterly,0
10329,18/02/2025,1,325.46,12,2,0,Debit Card,Quarterly,0
10330,17/01/2025,17,510.4,4,0,0,Credit Card,Monthly,1
10331,21/06/2025,3,455.74,7,4,1,UPI,Monthly,1
10332,08/08/2025,13,560.37,6,2,0,UPI,Monthly,0
10333,07/06/2025,14,537.1,10,1,1,UPI,Yearly,0
10334,15/02/2025,18,495.17,3,1,1,Credit Card,Yearly,0
10335,06/01/2025,4,491.67,7,2,1,Debit Card,Quarterly,0
10336,09/04/2025,18,410.7,6,2,1,Credit Card,Quarterly,0
10337,21/08/2025,5,509,7,3,1,Credit Card,Quarterly,0
10338,06/02/2025,16,604.75,5,0,0,Net Banking,Monthly,0
10339,07/10/2025,1,382.19,10,2,1,Credit Card,Monthly,0
10340,15/12/2025,21,498.35,8,2,1,Credit Card,Quarterly,1
10341,29/10/2025,14,623.61,6,2,1,UPI,Quarterly,0
10342,30/06/2025,15,559.65,7,0,0,Credit Card,Monthly,1
10343,05/04/2025,9,656.14,6,3,0,Credit Card,Yearly,0
10344,09/04/2025,15,430.82,14,2,1,UPI,Yearly,0
10345,07/07/2025,17,279.31,9,0,1,Net Banking,Monthly,0
10346,26/04/2025,4,523.08,7,5,1,Net Banking,Quarterly,1
10347,10/07/2025,12,542.51,8,3,1,Debit Card,Yearly,0
10348,10/09/2025,5,663.21,8,0,0,Credit Card,Monthly,1
10349,10/06/2025,5,641.58,12,2,1,Credit Card,Quarterly,0
10350,13/09/2025,11,563.41,10,2,1,UPI,Monthly,1
10351,19/11/2025,6,590.85,11,2,0,UPI,Monthly,0
10352,08/05/2025,7,475.98,9,4,1,Debit Card,Yearly,0
10353,18/01/2025,14,352.71,5,0,1,Credit Card,Monthly,0
10354,08/10/2025,11,513.13,6,0,1,Net Banking,Monthly,1
10355,11/08/2025,13,616.91,8,1,1,UPI,Monthly,0
10356,23/02/2025,2,577.76,6,3,0,Credit Card,Monthly,1
10357,27/02/2025,7,599.06,10,2,1,Credit Card,Monthly,1
10358,19/11/2025,20,447.67,10,2,1,Credit Card,Quarterly,0
10359,26/12/2025,4,467.13,7,1,1,Net Banking,Monthly,0
10360,23/06/2025,8,557.01,8,1,1,Net Banking,Quarterly,0
10361,07/10/2025,20,433.42,12,0,1,UPI,Quarterly,0
10362,24/04/2025,22,437.11,8,1,1,UPI,Monthly,0
10363,15/10/2025,21,534.76,8,1,1,UPI,Quarterly,0
10364,08/12/2025,19,590.31,12,2,1,Debit Card,Quarterly,0
10365,31/05/2025,13,475.06,5,2,1,UPI,Monthly,0
10366,07/05/2025,14,359.42,6,3,0,Debit Card,Monthly,1
10367,04/06/2025,10,410.7,9,2,0,Credit Card,Quarterly,1
10368,30/09/2025,11,523.44,8,1,1,Credit Card,Yearly,0
10369,14/04/2025,2,521.98,13,1,0,Debit Card,Monthly,1
10370,26/10/2025,9,527.95,5,3,0,Credit Card,Monthly,0
10371,03/09/2025,17,561.56,8,3,1,Credit Card,Monthly,0
10372,25/06/2025,3,499.7,4,2,0,UPI,Monthly,1
10373,08/02/2025,6,530.81,3,2,0,Credit Card,Quarterly,0
10374,19/06/2025,5,493.6,13,3,1,Credit Card,Monthly,0
10375,04/09/2025,5,636.85,6,1,1,Credit Card,Monthly,1
10376,26/01/2025,22,670.88,7,2,1,Net Banking,Monthly,1
10377,21/12/2025,15,356.32,10,2,1,Net Banking,Monthly,0
10378,02/11/2025,23,468.37,7,1,1,Debit Card,Monthly,0
10379,13/01/2025,17,502.93,8,1,1,UPI,Monthly,0
10380,12/11/2025,9,466.97,8,3,1,Debit Card,Monthly,1
10381,09/11/2025,3,714.15,7,2,1,UPI,Yearly,0
10382,05/02/2025,20,525.87,8,1,1,UPI,Yearly,0
10383,22/06/2025,17,402.36,8,2,1,UPI,Monthly,0
10384,20/01/2025,10,570.57,9,2,1,UPI,Quarterly,1
10385,17/11/2025,3,531.52,6,4,0,UPI,Monthly,1
10386,21/09/2025,18,535.5,8,1,1,Credit Card,Monthly,0
10387,22/05/2025,18,715.95,11,0,0,Net Banking,Monthly,0
10388,23/05/2025,17,541.09,12,1,1,UPI,Monthly,0
10389,02/04/2025,3,462.56,7,0,1,Net Banking,Quarterly,0
10390,20/12/2025,3,264.37,9,1,1,UPI,Monthly,0
10391,18/11/2025,6,479.15,6,0,0,UPI,Monthly,0
10392,15/10/2025,13,655.72,9,0,1,Credit Card,Quarterly,0
10393,03/08/2025,15,488.06,5,0,0,Debit Card,Quarterly,0
10394,08/12/2025,9,230.19,13,3,1,UPI,Monthly,0
10395,20/02/2025,4,439.2,12,0,1,UPI,Monthly,0
10396,02/06/2025,14,618.12,8,0,0,Credit Card,Monthly,0
10397,05/07/2025,5,564.5,8,1,1,UPI,Monthly,0
10398,04/03/2025,2,398.21,5,2,0,Debit Card,Monthly,1
10399,09/07/2025,11,431.17,9,0,1,Credit Card,Monthly,0
10400,05/05/2025,9,449.71,3,2,0,UPI,Quarterly,0
10401,30/05/2025,3,419.47,8,4,0,Net Banking,Quarterly,0
10402,10/11/2025,9,255.44,10,1,0,UPI,Quarterly,0
10403,27/02/2025,3,590.63,8,2,0,Debit Card,Monthly,1
10404,08/12/2025,2,649.85,13,1,1,Debit Card,Monthly,0
10405,01/11/2025,12,316.79,3,2,1,Net Banking,Monthly,1
10406,29/06/2025,10,648.26,9,0,1,Credit Card,Quarterly,0
10407,19/06/2025,9,486.64,4,4,0,Credit Card,Monthly,1
10408,22/11/2025,15,646.02,12,1,1,UPI,Yearly,0
10409,28/09/2025,8,503.55,8,0,1,Debit Card,Quarterly,0
10410,23/02/2025,5,515.27,6,1,1,Credit Card,Yearly,1
10411,11/04/2025,11,543.69,8,1,1,Credit Card,Quarterly,0
10412,21/09/2025,2,404.19,8,1,1,Net Banking,Yearly,0
10413,22/02/2025,15,642.36,7,,0,UPI,Quarterly,0
10414,01/03/2025,6,364.43,9,0,1,Net Banking,Yearly,1
10415,18/04/2025,8,450.75,9,2,1,Net Banking,Monthly,1
10416,05/01/2025,5,561.91,6,4,1,Credit Card,Monthly,1
10417,13/04/2025,16,437.9,5,3,0,Credit Card,Quarterly,0
10418,15/07/2025,18,592.3,7,2,0,UPI,Yearly,0
10419,19/09/2025,6,664.1,8,1,1,Net Banking,Monthly,1
10420,31/12/2025,5,620.51,8,3,0,UPI,Monthly,0
10421,16/12/2025,16,266.67,7,0,0,Credit Card,Quarterly,1
10422,16/02/2025,13,514.1,8,0,1,Debit Card,Quarterly,0
10423,21/12/2025,5,622.44,,2,1,Net Banking,Monthly,0
10424,07/11/2025,13,340.99,12,2,1,Debit Card,Quarterly,0
10425,04/11/2025,17,585.83,7,2,0,Credit Card,Yearly,0
10426,24/05/2025,18,579.1,10,3,1,UPI,Yearly,0
10427,26/09/2025,8,353.55,5,4,0,UPI,Monthly,1
10428,04/05/2025,13,599.11,8,2,1,UPI,Monthly,1
10429,16/04/2025,19,531.72,6,0,1,Net Banking,Monthly,0
10430,07/06/2025,3,577.05,6,0,1,Debit Card,Monthly,0
10431,27/05/2025,8,383.04,11,1,1,Debit Card,Monthly,0
10432,25/05/2025,2,517.02,10,2,1,Debit Card,Quarterly,0
10433,30/04/2025,8,294.41,9,0,0,Credit Card,Monthly,0
10434,15/11/2025,13,,9,0,0,UPI,Yearly,1
10435,02/10/2025,13,515.9,9,0,0,UPI,Yearly,0
10436,02/04/2025,1,631.07,5,1,0,UPI,Monthly,1
10437,27/02/2025,6,529.35,11,1,1,Debit Card,Yearly,0
10438,12/12/2025,19,491.39,7,0,0,UPI,Quarterly,0
10439,17/08/2025,16,476.5,6,0,1,Debit Card,Quarterly,0
10440,27/04/2025,8,385.89,5,4,1,Debit Card,Monthly,0
10441,14/11/2025,1,472.38,10,1,1,Credit Card,Quarterly,0
10442,06/10/2025,16,549.6,8,1,1,UPI,Monthly,0
10443,07/05/2025,9,446.77,10,1,0,UPI,Quarterly,0
10444,09/05/2025,13,589.07,9,1,1,UPI,Monthly,1
10445,27/02/2025,11,522.52,10,2,1,Debit Card,Quarterly,0
10446,02/05/2025,13,537.04,9,1,0,UPI,Monthly,0
10447,01/01/2025,21,605.64,9,2,1,Debit Card,Monthly,0
10448,27/08/2025,10,435.79,11,3,1,Debit Card,Quarterly,0
10449,17/10/2025,4,578.13,10,2,1,UPI,Quarterly,0
10450,06/04/2025,6,452.62,7,1,1,Debit Card,Monthly,1
10451,06/05/2025,7,539.74,9,0,1,Debit Card,Monthly,0
10452,28/04/2025,5,421.51,9,3,1,Debit Card,Yearly,0
10453,17/02/2025,11,389.72,2,1,0,UPI,Quarterly,0
10454,30/03/2025,13,510.02,11,3,1,UPI,Monthly,0
10455,25/08/2025,19,272.78,9,3,1,UPI,Quarterly,0
10456,29/09/2025,23,463.45,5,1,1,UPI,Monthly,1
10457,08/07/2025,10,306.23,2,1,1,Debit Card,Monthly,0
10458,11/07/2025,10,592.51,6,0,1,Debit Card,Quarterly,0
10459,10/03/2025,11,625.01,6,0,1,Net Banking,Yearly,0
10460,05/10/2025,21,395.33,6,1,1,UPI,Quarterly,0
10461,15/12/2025,7,550.4,8,1,1,UPI,Monthly,0
10462,04/09/2025,18,606.9,7,1,0,Debit Card,Yearly,0
10463,17/03/2025,4,607.3,7,2,1,UPI,Monthly,0
10464,03/06/2025,2,524.73,6,1,1,UPI,Yearly,0
10465,24/05/2025,14,587.12,8,2,1,Credit Card,Monthly,0
10466,27/03/2025,13,421.08,9,1,0,UPI,Monthly,1
10467,04/07/2025,12,508.97,8,2,1,Credit Card,Quarterly,0
10468,12/10/2025,7,442.95,7,1,1,UPI,Monthly,0
10469,08/08/2025,2,410.95,12,1,1,Credit Card,Quarterly,0
10470,10/03/2025,13,503.33,8,1,0,Debit Card,Quarterly,1
10471,16/02/2025,14,540.7,6,1,1,UPI,Monthly,0
10472,04/04/2025,17,638.62,9,1,0,Net Banking,Quarterly,0
10473,26/08/2025,9,530.82,7,1,1,Credit Card,Monthly,0
10474,23/07/2025,17,576.03,8,2,0,Net Banking,Monthly,1
10475,06/08/2025,8,577.39,9,2,0,UPI,Yearly,0
10476,07/12/2025,2,821.5,7,1,0,Credit Card,Yearly,0
10477,08/02/2025,13,281.8,7,0,0,Credit Card,Monthly,0
10478,10/04/2025,3,416.45,6,3,0,Debit Card,Quarterly,0
10479,16/10/2025,16,675.89,7,2,1,Credit Card,Monthly,0
10480,11/09/2025,6,456.76,10,3,1,Credit Card,Quarterly,0
10481,10/08/2025,19,605.3,10,0,1,Net Banking,Yearly,0
10482,23/12/2025,7,526.6,7,3,1,UPI,Monthly,0
10483,23/01/2025,10,751.62,10,2,1,UPI,Yearly,0
10484,07/09/2025,9,365.43,,2,1,Credit Card,Monthly,0
10485,10/01/2025,2,645.62,8,1,0,Credit Card,Monthly,1
10486,03/09/2025,15,708.95,,2,0,Credit Card,Yearly,0
10487,21/11/2025,5,377.27,7,3,1,Credit Card,Quarterly,0
10488,10/04/2025,22,592.94,8,1,1,Net Banking,Monthly,1
10489,17/10/2025,4,383.14,9,0,0,Debit Card,Quarterly,0
10490,29/06/2025,20,502.62,9,1,0,UPI,Monthly,0
10491,11/08/2025,4,468.21,10,4,0,UPI,Monthly,0
10492,07/09/2025,18,210.67,7,5,1,Net Banking,Yearly,0
10493,27/05/2025,4,549.91,4,3,0,Debit Card,Quarterly,0
10494,06/04/2025,17,516.2,6,2,1,Net Banking,Yearly,0
10495,14/09/2025,12,676.49,7,1,1,UPI,Monthly,1
10496,21/11/2025,22,572.34,6,1,1,Debit Card,Quarterly,0
10497,04/01/2025,17,773.91,10,2,0,Debit Card,Yearly,0
10498,16/01/2025,10,511.85,7,1,0,UPI,Monthly,0
10499,07/10/2025,22,486.34,15,0,1,Credit Card,Monthly,0
10500,02/12/2025,1,476.88,5,0,1,Credit Card,Quarterly,0
10501,04/09/2025,22,446.25,5,2,1,Credit Card,Monthly,0
10502,15/09/2025,18,234.07,6,0,1,Debit Card,Monthly,0
10503,09/06/2025,18,472.58,8,2,1,Debit Card,Yearly,0
10504,06/12/2025,14,250.86,13,2,1,Net Banking,Yearly,0
10505,01/06/2025,15,553.24,8,1,1,Debit Card,Quarterly,0
10506,27/06/2025,12,350.19,6,0,1,Credit Card,Quarterly,1
10507,12/06/2025,4,391.68,13,0,0,UPI,Yearly,1
10508,02/02/2025,3,418.67,5,2,0,Debit Card,Quarterly,1
10509,28/06/2025,20,474.41,7,2,0,Credit Card,Monthly,0
10510,11/04/2025,12,499.82,6,0,0,UPI,Monthly,0
10511,25/09/2025,7,629.14,6,2,1,Credit Card,Monthly,1
10512,19/11/2025,11,429.7,7,1,0,UPI,Monthly,1
10513,06/03/2025,1,556.62,8,1,1,Debit Card,Monthly,0
10514,17/06/2025,6,826.7,6,2,1,UPI,Monthly,0
10515,26/11/2025,15,544.28,9,2,0,UPI,Monthly,0
10516,12/02/2025,15,477.34,7,1,1,Net Banking,Monthly,0
10517,13/02/2025,19,405.5,6,1,0,Debit Card,Quarterly,0
10518,12/10/2025,11,475.68,6,2,0,Debit Card,Monthly,0
10519,12/01/2025,23,392.65,6,0,1,Credit Card,Quarterly,0
10520,05/04/2025,2,531.24,5,3,1,Debit Card,Monthly,1
10521,29/10/2025,14,511.43,7,3,1,Debit Card,Yearly,0
10522,10/09/2025,2,239.53,4,1,0,Credit Card,Yearly,1
10523,30/08/2025,4,496.77,12,4,1,Net Banking,Quarterly,0
10524,04/02/2025,17,628.14,6,0,0,UPI,Quarterly,0
10525,03/08/2025,3,451.11,10,0,0,Net Banking,Yearly,0
10526,03/12/2025,13,420.65,4,3,1,Credit Card,Monthly,0
10527,31/03/2025,9,333.68,8,3,0,Credit Card,Yearly,0
10528,21/09/2025,7,276.04,2,1,1,UPI,Quarterly,0
10529,03/04/2025,15,598.76,6,2,1,Credit Card,Quarterly,0
10530,31/03/2025,23,477.22,9,4,1,Credit Card,Monthly,0
10531,25/04/2025,11,591.64,6,0,0,Net Banking,Quarterly,0
10532,15/04/2025,20,682.76,10,1,1,Net Banking,Quarterly,0
10533,15/07/2025,2,609.55,6,1,1,Net Banking,Quarterly,0
10534,10/11/2025,15,433.92,8,0,1,UPI,Quarterly,0
10535,24/04/2025,14,516.38,3,1,0,Net Banking,Monthly,1
10536,16/03/2025,20,425.23,5,4,1,Credit Card,Monthly,0
10537,05/08/2025,22,414.01,11,4,1,Net Banking,Monthly,0
10538,04/10/2025,11,540.14,9,2,0,UPI,Monthly,0
10539,06/09/2025,3,399.12,7,0,0,Credit Card,Monthly,0
10540,13/06/2025,17,233.9,8,1,1,Net Banking,Monthly,0
10541,23/12/2025,12,392.42,4,0,1,Net Banking,Monthly,0
10542,11/07/2025,21,462.17,12,0,1,Debit Card,Monthly,0
10543,15/08/2025,15,681.57,11,1,0,Debit Card,Monthly,0
10544,26/06/2025,16,440.09,6,2,1,UPI,Yearly,0
10545,09/04/2025,5,560.43,9,2,1,Debit Card,Quarterly,0
10546,05/02/2025,20,478.8,14,5,1,Credit Card,Quarterly,0
10547,06/04/2025,6,646.17,8,5,0,UPI,Monthly,0
10548,01/06/2025,19,637.85,8,3,1,UPI,Quarterly,0
10549,31/05/2025,5,640.14,6,2,0,UPI,Quarterly,0
10550,09/07/2025,3,,8,3,1,Debit Card,Yearly,1
10551,12/08/2025,1,523.81,6,1,1,UPI,Quarterly,0
10552,06/02/2025,6,590.07,11,1,1,Credit Card,Quarterly,0
10553,25/09/2025,15,544.78,5,3,1,UPI,Yearly,0
10554,02/07/2025,2,575.39,12,2,1,Credit Card,Monthly,0
10555,13/01/2025,3,506,9,0,0,Debit Card,Monthly,0
10556,06/10/2025,17,409.63,11,0,1,Debit Card,Quarterly,0
10557,05/08/2025,12,295.35,6,1,0,Credit Card,Monthly,0
10558,21/12/2025,18,421.53,9,1,0,Credit Card,Monthly,1
10559,27/12/2025,15,820.37,9,3,1,UPI,Quarterly,0
10560,13/10/2025,12,440.72,9,1,1,Net Banking,Monthly,0
10561,30/09/2025,16,263.87,9,2,1,UPI,Quarterly,0
10562,03/03/2025,8,586.92,7,2,1,UPI,Yearly,0
10563,25/03/2025,14,601.66,5,3,1,Debit Card,Monthly,1
10564,05/08/2025,17,653.48,2,1,0,UPI,Monthly,0
10565,08/12/2025,21,,9,1,0,Debit Card,Monthly,0
10566,06/07/2025,8,600.47,6,0,1,UPI,Monthly,0
10567,19/01/2025,15,719.83,7,2,0,Debit Card,Monthly,0
10568,26/06/2025,14,409.54,4,0,1,UPI,Monthly,0
10569,10/04/2025,18,385.74,9,3,1,UPI,Monthly,0
10570,21/08/2025,20,367.65,8,1,1,UPI,Monthly,0
10571,17/03/2025,7,467.11,10,0,1,Debit Card,Quarterly,0
10572,22/09/2025,3,671.01,9,3,0,Net Banking,Yearly,0
10573,11/10/2025,12,562.37,9,3,1,Credit Card,Quarterly,0
10574,25/07/2025,21,557.64,2,2,0,Debit Card,Quarterly,0
10575,11/08/2025,3,280.68,6,0,1,Debit Card,Monthly,0
10576,21/02/2025,20,415.82,7,0,0,Net Banking,Quarterly,0
10577,05/12/2025,14,278.72,,1,1,Debit Card,Monthly,0
10578,24/05/2025,15,639.55,9,2,1,UPI,Monthly,0
10579,10/03/2025,14,689.28,6,1,1,Debit Card,Yearly,0
10580,09/04/2025,7,592.55,6,2,1,Credit Card,Monthly,0
10581,25/01/2025,17,380.59,10,0,1,UPI,Monthly,0
10582,22/02/2025,12,676.84,10,4,1,UPI,Yearly,0
10583,31/05/2025,20,468.61,12,2,1,Net Banking,Yearly,0
10584,24/05/2025,4,353.26,8,3,1,Net Banking,Monthly,0
10585,26/02/2025,9,383.27,5,1,1,Debit Card,Monthly,0
10586,08/02/2025,6,447.38,8,1,1,Net Banking,Quarterly,0
10587,19/04/2025,16,504.95,8,2,1,Debit Card,Quarterly,0
10588,30/06/2025,22,479.64,8,2,0,UPI,Monthly,1
10589,11/02/2025,22,329.48,14,3,1,UPI,Quarterly,0
10590,05/07/2025,21,644.6,2,0,1,UPI,Yearly,0
10591,11/08/2025,21,480.93,7,1,1,UPI,Monthly,1
10592,02/05/2025,2,413.35,7,2,1,UPI,Yearly,0
10593,13/05/2025,8,632.24,5,1,1,Credit Card,Yearly,0
10594,12/06/2025,11,356.99,7,2,1,Debit Card,Monthly,1
10595,03/08/2025,13,303.53,8,2,1,Net Banking,Quarterly,0
10596,09/08/2025,17,651.7,8,1,1,Credit Card,Monthly,0
10597,23/08/2025,8,725.97,12,1,1,Net Banking,Quarterly,0
10598,27/11/2025,21,443.55,4,1,1,Credit Card,Quarterly,0
10599,26/05/2025,18,493.48,6,1,1,Net Banking,Monthly,0
10600,27/08/2025,18,361.4,8,4,0,Credit Card,Quarterly,1
10601,17/03/2025,14,499.66,9,2,1,UPI,Yearly,0
10602,09/01/2025,15,441.92,6,3,1,Net Banking,Monthly,0
10603,15/03/2025,6,486.74,11,0,1,UPI,Monthly,0
10604,10/09/2025,11,548.11,6,1,1,Credit Card,Monthly,1
10605,18/08/2025,13,367.22,9,1,1,UPI,Quarterly,0
10606,07/01/2025,1,455.58,12,1,1,Debit Card,Yearly,0
10607,23/06/2025,6,282.55,7,2,1,Net Banking,Yearly,0
10608,21/05/2025,9,456.4,14,1,1,UPI,Monthly,0
10609,17/06/2025,8,487.79,6,1,1,Net Banking,Quarterly,0
10610,19/06/2025,11,526.48,9,1,1,UPI,Monthly,0
10611,10/10/2025,22,527.75,8,2,1,UPI,Monthly,1
10612,02/05/2025,19,607.47,10,0,1,UPI,Monthly,1
10613,13/07/2025,9,314.24,9,2,1,Debit Card,Monthly,0
10614,05/01/2025,17,320.65,5,2,1,UPI,Quarterly,0
10615,29/01/2025,12,562.47,7,2,0,Credit Card,Yearly,1
10616,14/06/2025,14,254.32,10,,1,UPI,Quarterly,0
10617,05/12/2025,15,521,6,1,1,UPI,Quarterly,0
10618,16/05/2025,16,357.36,7,2,1,Debit Card,Monthly,0
10619,31/12/2025,22,687.74,8,1,0,UPI,Yearly,0
10620,17/11/2025,22,529.05,6,3,1,UPI,Quarterly,0
10621,08/12/2025,20,472.7,5,1,0,UPI,Yearly,0
10622,25/05/2025,1,646.33,7,4,1,Credit Card,Monthly,1
10623,23/11/2025,10,371.39,4,0,1,Debit Card,Quarterly,0
10624,05/08/2025,8,394.19,12,2,1,UPI,Quarterly,0
10625,28/10/2025,18,347.63,12,0,1,UPI,Monthly,0
10626,12/05/2025,1,395.2,9,2,1,Credit Card,Quarterly,0
10627,19/10/2025,2,506.33,7,2,0,UPI,Yearly,0
10628,11/03/2025,1,558.27,5,0,1,Net Banking,Monthly,0
10629,09/09/2025,1,614.37,5,3,1,Debit Card,Monthly,0
10630,02/10/2025,9,280.03,7,4,1,Credit Card,Quarterly,0
10631,30/12/2025,13,478.38,6,1,1,UPI,Monthly,0
10632,01/07/2025,1,366.02,7,2,1,Debit Card,Quarterly,0
10633,16/06/2025,13,474.37,9,2,1,Debit Card,Quarterly,0
10634,01/04/2025,20,779.1,8,0,1,Credit Card,Monthly,1
10635,21/07/2025,22,534.02,6,1,1,Debit Card,Yearly,0
10636,12/12/2025,7,606.94,9,1,1,Debit Card,Quarterly,0
10637,19/01/2025,2,734.28,8,3,0,Credit Card,Yearly,0
10638,08/02/2025,6,634.28,5,0,1,UPI,Quarterly,1
10639,06/05/2025,7,445.25,9,3,1,Debit Card,Yearly,0
10640,22/06/2025,14,345.9,6,,0,UPI,Monthly,0
10641,21/05/2025,18,495.38,8,2,0,Debit Card,Monthly,1
10642,30/08/2025,15,430.88,6,2,0,Debit Card,Monthly,1
10643,08/08/2025,2,316.06,7,2,1,Debit Card,Monthly,0
10644,06/05/2025,10,527.91,8,1,1,Credit Card,Yearly,0
10645,27/02/2025,23,530.91,5,0,1,UPI,Monthly,1
10646,28/05/2025,12,711.29,8,4,0,UPI,Yearly,0
10647,13/11/2025,17,455.59,5,0,1,Debit Card,Monthly,0
10648,27/12/2025,8,532.61,9,,0,Net Banking,Monthly,0
10649,01/01/2025,11,419.14,11,0,0,Debit Card,Yearly,0
10650,14/12/2025,3,603.78,,0,1,UPI,Monthly,0
10651,09/07/2025,6,484.05,6,4,1,Net Banking,Quarterly,0
10652,10/07/2025,9,358.29,11,2,1,Net Banking,Monthly,0
10653,08/11/2025,6,497.38,7,1,1,Credit Card,Yearly,0
10654,27/04/2025,9,545.86,10,1,0,Credit Card,Quarterly,0
10655,14/05/2025,7,529.63,8,1,1,Debit Card,Quarterly,0
10656,27/02/2025,9,624.51,9,0,0,Debit Card,Monthly,0
10657,13/02/2025,18,325.23,7,3,0,Net Banking,Monthly,1
10658,22/06/2025,12,397.87,7,0,1,UPI,Yearly,0
10659,09/06/2025,8,575.77,12,0,1,Credit Card,Yearly,0
10660,22/06/2025,8,411.97,3,2,0,Debit Card,Monthly,0
10661,13/11/2025,18,527.86,6,4,0,Net Banking,Monthly,0
10662,30/10/2025,20,208.63,9,1,1,Net Banking,Monthly,0
10663,29/05/2025,15,824.91,8,1,1,Net Banking,Monthly,0
10664,21/03/2025,7,466.63,,1,0,Credit Card,Quarterly,0
10665,01/08/2025,11,642.27,7,0,1,Debit Card,Monthly,0
10666,22/07/2025,20,458.57,9,3,0,Credit Card,Monthly,0
10667,09/09/2025,16,548.76,11,0,1,Credit Card,Quarterly,0
10668,17/08/2025,4,678.03,8,1,0,UPI,Monthly,0
10669,13/06/2025,6,638.9,7,2,1,Debit Card,Quarterly,0
10670,15/08/2025,22,474.47,8,2,0,Net Banking,Yearly,0
10671,27/05/2025,3,482.77,15,1,1,UPI,Monthly,0
10672,20/01/2025,9,619.43,14,0,1,UPI,Quarterly,0
10673,16/02/2025,10,778.99,10,3,1,Debit Card,Monthly,0
10674,21/08/2025,14,522.07,6,2,0,Credit Card,Monthly,1
10675,01/11/2025,11,733.85,13,2,1,Net Banking,Monthly,0
10676,14/01/2025,18,470.03,4,3,1,UPI,Monthly,1
10677,23/05/2025,22,613.24,4,3,1,UPI,Monthly,1
10678,01/01/2025,12,631.14,7,1,1,Credit Card,Monthly,0
10679,23/02/2025,23,449.8,10,3,1,UPI,Yearly,0
10680,16/09/2025,12,409.35,13,1,1,UPI,Quarterly,0
10681,24/05/2025,13,636.45,6,3,1,UPI,Yearly,1
10682,12/01/2025,13,435.21,10,1,1,UPI,Quarterly,0
10683,26/11/2025,19,391.68,5,3,0,UPI,Monthly,0
10684,12/08/2025,19,416.92,11,2,0,Net Banking,Monthly,0
10685,29/09/2025,23,434.73,6,3,1,UPI,Monthly,1
10686,24/12/2025,14,601.79,8,0,1,Credit Card,Monthly,0
10687,05/06/2025,4,560.81,4,0,1,Net Banking,Quarterly,0
10688,08/01/2025,13,584.88,8,1,1,Debit Card,Quarterly,0
10689,02/05/2025,8,549.57,9,1,1,Credit Card,Monthly,1
10690,14/12/2025,23,427.74,11,1,1,Debit Card,Monthly,0
10691,13/06/2025,21,582.65,8,2,1,Debit Card,Monthly,0
10692,31/03/2025,23,640.89,,1,1,Net Banking,Monthly,0
10693,16/05/2025,19,569.14,9,1,1,Credit Card,Monthly,0
10694,05/07/2025,12,552.96,13,3,1,Net Banking,Quarterly,0
10695,12/11/2025,18,406.95,10,1,1,Credit Card,Monthly,0
10696,27/06/2025,6,524.42,9,2,1,UPI,Quarterly,0
10697,28/01/2025,18,400.57,8,3,1,Net Banking,Monthly,1
10698,08/08/2025,19,496.12,7,2,1,Credit Card,Monthly,1
10699,23/12/2025,22,302.17,12,1,1,Net Banking,Yearly,0
10700,10/02/2025,5,,2,0,0,UPI,Quarterly,1
10701,16/08/2025,9,476.07,6,4,0,UPI,Monthly,1
10702,11/07/2025,3,433.19,6,1,1,Net Banking,Yearly,0
10703,25/05/2025,10,511.81,6,0,1,UPI,Monthly,0
10704,20/07/2025,19,482.83,13,2,0,Net Banking,Monthly,1
10705,31/07/2025,3,502.62,6,1,1,Net Banking,Quarterly,0
10706,08/08/2025,22,572.03,6,3,0,Net Banking,Quarterly,0
10707,28/08/2025,15,443.41,9,1,0,Credit Card,Monthly,0
10708,15/02/2025,1,472.67,8,1,1,Credit Card,Monthly,0
10709,04/02/2025,7,673.6,14,0,1,Net Banking,Yearly,0
10710,10/09/2025,12,499.37,6,1,0,Debit Card,Monthly,1
10711,23/03/2025,17,477.49,4,0,1,Credit Card,Monthly,0
10712,13/09/2025,21,508.9,9,2,0,Net Banking,Quarterly,0
10713,16/07/2025,20,479.64,7,1,1,Debit Card,Yearly,0
10714,30/10/2025,5,413.85,8,1,0,Net Banking,Monthly,1
10715,10/01/2025,4,379.24,8,1,0,UPI,Quarterly,0
10716,08/11/2025,12,407.39,10,2,1,UPI,Quarterly,0
10717,13/10/2025,20,603.75,6,1,1,Credit Card,Monthly,0
10718,30/08/2025,18,423.41,4,1,0,UPI,Quarterly,0
10719,08/09/2025,17,480.41,10,,1,Debit Card,Yearly,0
10720,31/12/2025,19,583.09,10,,0,UPI,Monthly,0
10721,05/01/2025,9,465.59,5,,1,Net Banking,Monthly,0
10722,29/04/2025,4,575,7,3,0,UPI,Yearly,0
10723,16/10/2025,21,314.1,8,1,1,Credit Card,Quarterly,1
10724,06/03/2025,2,483.1,4,1,1,UPI,Monthly,0
10725,26/05/2025,4,508.47,7,1,1,Credit Card,Quarterly,0
10726,12/08/2025,2,501.78,12,3,1,UPI,Quarterly,0
10727,27/08/2025,15,300.65,8,3,1,UPI,Quarterly,1
10728,26/06/2025,2,643.37,6,0,1,Debit Card,Yearly,0
10729,24/09/2025,4,396.44,5,0,0,UPI,Monthly,1
10730,07/12/2025,6,539.2,8,2,1,UPI,Monthly,0
10731,09/10/2025,7,499.96,9,3,1,Debit Card,Quarterly,0
10732,04/03/2025,10,619.45,4,1,1,UPI,Monthly,1
10733,05/08/2025,19,761.5,9,0,1,Credit Card,Quarterly,0
10734,08/12/2025,19,344.16,6,0,0,UPI,Monthly,0
10735,11/11/2025,22,421.13,11,1,1,UPI,Monthly,0
10736,10/10/2025,12,521.69,9,0,1,Debit Card,Monthly,0
10737,26/06/2025,3,366.36,8,0,0,UPI,Quarterly,0
10738,08/04/2025,13,592.86,8,0,1,Net Banking,Quarterly,0
10739,15/04/2025,18,600.2,7,2,1,Net Banking,Monthly,0
10740,09/04/2025,8,566.13,7,1,1,UPI,Monthly,0
10741,07/11/2025,21,527.39,7,0,0,Net Banking,Monthly,0
10742,06/01/2025,15,663.37,7,1,1,UPI,Quarterly,0
10743,16/07/2025,1,360.32,12,4,0,UPI,Monthly,1
10744,17/12/2025,3,506.83,11,1,1,UPI,Quarterly,0
10745,13/05/2025,8,410.34,7,1,1,Credit Card,Quarterly,0
10746,24/12/2025,4,605.79,4,2,1,Credit Card,Monthly,0
10747,16/09/2025,16,279,14,1,0,UPI,Quarterly,0
10748,23/01/2025,23,495.63,10,3,1,Debit Card,Monthly,0
10749,22/02/2025,10,539.23,11,0,1,Debit Card,Quarterly,0
10750,14/06/2025,12,385.3,5,1,0,UPI,Monthly,0
10751,21/07/2025,14,423.86,13,0,1,Debit Card,Monthly,0
10752,24/03/2025,14,500.85,8,2,1,Net Banking,Quarterly,0
10753,25/05/2025,2,613.61,5,0,1,UPI,Monthly,0
10754,26/03/2025,23,375.06,7,1,0,UPI,Quarterly,1
10755,19/03/2025,5,395.99,8,2,0,Credit Card,Quarterly,0
10756,01/01/2025,5,634.07,10,0,1,Credit Card,Quarterly,0
10757,20/02/2025,6,466.24,5,0,1,Credit Card,Monthly,0
10758,22/06/2025,13,405.7,5,2,0,UPI,Quarterly,1
10759,24/07/2025,9,586.44,4,0,1,Debit Card,Quarterly,0
10760,17/09/2025,22,440.42,5,0,0,Credit Card,Monthly,0
10761,15/10/2025,15,622.29,12,2,1,Credit Card,Quarterly,0
10762,03/02/2025,14,419.35,2,3,1,UPI,Yearly,0
10763,14/12/2025,7,479.85,7,0,1,Credit Card,Monthly,0
10764,05/04/2025,20,612.4,9,0,1,UPI,Yearly,0
10765,13/03/2025,2,471.85,9,3,0,Credit Card,Monthly,0
10766,08/02/2025,7,589.73,7,1,1,Net Banking,Monthly,1
10767,03/06/2025,6,491.13,10,1,1,Credit Card,Monthly,0
10768,07/09/2025,17,736.8,8,0,1,UPI,Quarterly,0
10769,11/06/2025,2,687.25,10,1,1,Credit Card,Monthly,0
10770,28/04/2025,3,339.63,10,1,1,Debit Card,Yearly,0
10771,16/09/2025,5,561.67,3,3,0,Debit Card,Yearly,0
10772,02/11/2025,5,401.03,4,4,1,Credit Card,Quarterly,1
10773,25/09/2025,1,521.98,7,1,0,UPI,Monthly,1
10774,23/02/2025,8,507.2,7,3,0,Credit Card,Yearly,0
10775,24/08/2025,12,372.35,8,1,1,Credit Card,Yearly,0
10776,10/08/2025,4,626.02,4,1,1,Net Banking,Monthly,1
10777,08/09/2025,13,523.4,9,1,1,Credit Card,Quarterly,0
10778,09/11/2025,23,464.84,13,2,0,Debit Card,Quarterly,0
10779,22/04/2025,15,446.43,8,0,1,Credit Card,Quarterly,0
10780,12/09/2025,11,515.77,9,1,0,UPI,Monthly,0
10781,30/10/2025,10,547.95,10,2,0,Debit Card,Monthly,0
10782,26/07/2025,3,484,5,1,0,Credit Card,Monthly,0
10783,17/08/2025,22,199,6,,1,Net Banking,Monthly,0
10784,07/12/2025,14,501.03,5,1,1,Credit Card,Quarterly,0
10785,07/03/2025,16,326.02,10,2,0,UPI,Yearly,0
10786,16/03/2025,10,473.87,7,1,0,Debit Card,Yearly,0
10787,13/04/2025,10,330.45,9,0,1,UPI,Quarterly,1
10788,11/07/2025,12,329.02,11,0,1,UPI,Quarterly,0
10789,09/09/2025,9,647.21,7,1,1,UPI,Monthly,0
10790,14/08/2025,1,460.59,8,1,0,Debit Card,Quarterly,1
10791,21/10/2025,5,451.4,9,0,0,Credit Card,Monthly,1
10792,02/11/2025,20,556.9,9,1,1,UPI,Monthly,0
10793,08/04/2025,8,454.53,5,2,1,Credit Card,Quarterly,1
10794,04/12/2025,11,751.46,10,1,1,Credit Card,Monthly,0
10795,13/10/2025,12,466.24,8,3,1,Net Banking,Monthly,0
10796,01/12/2025,1,542.82,11,3,0,Credit Card,Yearly,0
10797,13/12/2025,22,615.51,8,0,1,Debit Card,Monthly,0
10798,04/11/2025,20,691.27,5,1,1,UPI,Monthly,0
10799,06/09/2025,11,409.96,9,1,1,Debit Card,Monthly,0
10800,15/06/2025,5,448.84,9,0,1,Debit Card,Monthly,0
10801,01/12/2025,15,651.95,9,0,1,Net Banking,Monthly,0
10802,30/01/2025,5,596.21,5,1,0,UPI,Quarterly,0
10803,04/09/2025,12,628.02,10,0,0,Credit Card,Monthly,0
10804,16/04/2025,5,334.76,10,,1,Debit Card,Yearly,0
10805,20/02/2025,17,684.76,9,1,0,UPI,Monthly,1
10806,22/03/2025,17,,8,2,1,Credit Card,Monthly,0
10807,13/05/2025,12,522.08,8,5,1,Net Banking,Quarterly,0
10808,12/10/2025,15,481.21,10,1,1,Credit Card,Quarterly,0
10809,18/05/2025,15,393.58,10,1,0,Net Banking,Quarterly,0
10810,03/07/2025,6,329.5,3,2,1,UPI,Yearly,0
10811,26/11/2025,12,289.74,14,0,0,Debit Card,Monthly,1
10812,30/09/2025,20,513.28,11,2,0,Credit Card,Monthly,1
10813,06/12/2025,18,315.96,8,1,1,Credit Card,Yearly,0
10814,10/03/2025,14,362.94,8,1,1,Net Banking,Monthly,0
10815,03/02/2025,2,472.84,8,1,0,UPI,Monthly,1
10816,19/09/2025,9,199,9,1,1,Net Banking,Monthly,1
10817,22/02/2025,5,592.48,12,1,1,Debit Card,Quarterly,0
10818,24/07/2025,20,209.81,13,1,0,UPI,Monthly,0
10819,06/05/2025,1,489.72,11,1,0,Net Banking,Monthly,0
10820,23/08/2025,23,500.8,7,3,1,Credit Card,Monthly,1
10821,12/02/2025,3,563.57,7,1,1,Debit Card,Quarterly,0
10822,28/08/2025,6,494,5,0,0,UPI,Monthly,0
10823,21/04/2025,5,741.15,6,3,0,Net Banking,Monthly,0
10824,06/09/2025,21,524.96,3,0,1,Credit Card,Quarterly,0
10825,31/05/2025,5,625.43,9,3,1,UPI,Yearly,0
10826,02/07/2025,1,412.18,13,2,0,Credit Card,Quarterly,0
10827,02/12/2025,17,513.49,7,1,1,UPI,Quarterly,0
10828,05/04/2025,19,684.71,7,2,0,Credit Card,Monthly,1
10829,08/01/2025,14,470.48,11,4,0,UPI,Monthly,1
10830,26/12/2025,12,522.07,6,1,0,UPI,Monthly,1
10831,03/07/2025,10,616.7,9,0,1,UPI,Yearly,0
10832,08/10/2025,20,409.93,13,4,1,Credit Card,Monthly,0
10833,14/07/2025,21,239.61,11,2,1,Credit Card,Yearly,0
10834,18/12/2025,18,529.67,11,3,1,Credit Card,Yearly,0
10835,14/07/2025,11,617.64,8,3,1,UPI,Monthly,1
10836,04/06/2025,2,336.83,12,4,0,Debit Card,Monthly,1
10837,03/04/2025,18,579.43,12,0,0,Debit Card,Monthly,0
10838,09/06/2025,7,580.24,15,1,1,UPI,Monthly,0
10839,02/03/2025,15,226.18,4,1,1,Net Banking,Monthly,0
10840,02/05/2025,11,386.65,6,1,1,Credit Card,Yearly,0
10841,20/02/2025,18,451.5,5,1,0,Debit Card,Monthly,0
10842,04/10/2025,23,477.45,8,0,1,UPI,Monthly,0
10843,05/01/2025,12,409.82,10,1,1,UPI,Monthly,1
10844,02/04/2025,6,403.36,7,,0,Net Banking,Yearly,0
10845,19/06/2025,20,699.58,7,5,1,Debit Card,Quarterly,1
10846,13/11/2025,23,486.09,3,1,1,UPI,Yearly,0
10847,22/01/2025,13,415.59,10,2,0,UPI,Yearly,0
10848,22/11/2025,20,,9,2,0,Debit Card,Monthly,1
10849,01/01/2025,16,563.45,8,2,0,Debit Card,Monthly,0
10850,13/05/2025,18,505.2,9,3,0,Net Banking,Monthly,0
10851,21/08/2025,10,474.31,7,2,1,UPI,Monthly,0
10852,12/01/2025,23,421,7,1,0,Credit Card,Quarterly,0
10853,12/12/2025,8,419.54,10,1,0,UPI,Monthly,0
10854,15/02/2025,18,427.26,6,2,1,UPI,Monthly,1
10855,03/02/2025,21,539.66,6,1,1,UPI,Quarterly,0
10856,19/03/2025,1,379.7,8,3,1,Net Banking,Quarterly,1
10857,06/08/2025,23,546.19,11,4,1,Credit Card,Quarterly,0
10858,28/10/2025,8,668.56,8,2,1,Debit Card,Monthly,1
10859,14/03/2025,6,538.08,11,1,0,UPI,Yearly,0
10860,09/10/2025,5,454.65,8,0,1,UPI,Quarterly,0
10861,06/09/2025,15,343.22,,1,1,UPI,Monthly,0
10862,16/02/2025,22,688.37,6,1,0,UPI,Quarterly,1
10863,01/05/2025,15,,8,0,1,Debit Card,Yearly,0
10864,02/08/2025,2,600.83,7,0,1,UPI,Monthly,0
10865,27/08/2025,1,575.62,7,0,1,UPI,Monthly,0
10866,25/02/2025,23,470.59,3,1,0,UPI,Monthly,1
10867,16/12/2025,23,467.44,11,3,0,UPI,Monthly,1
10868,17/04/2025,11,278.71,7,1,1,Debit Card,Yearly,0
10869,15/11/2025,10,538.61,6,1,1,Credit Card,Monthly,1
10870,17/02/2025,18,573.39,11,1,0,Debit Card,Quarterly,1
10871,02/03/2025,18,368.31,2,2,1,Debit Card,Quarterly,1
10872,03/12/2025,17,480.3,7,5,0,UPI,Quarterly,0
10873,26/01/2025,8,503.54,9,2,0,UPI,Monthly,0
10874,19/10/2025,15,569.15,8,3,1,Debit Card,Monthly,1
10875,14/09/2025,8,499.46,12,3,0,Debit Card,Monthly,0
10876,08/01/2025,17,303.84,6,1,0,UPI,Monthly,1
10877,23/04/2025,12,435.41,13,2,0,UPI,Monthly,1
10878,21/12/2025,8,525.96,11,1,1,UPI,Yearly,0
10879,10/09/2025,14,599.98,12,0,0,UPI,Monthly,0
10880,29/06/2025,4,424.88,4,,1,UPI,Quarterly,0
10881,26/07/2025,1,761.52,14,5,1,UPI,Monthly,1
10882,30/10/2025,1,271.66,4,1,1,Credit Card,Quarterly,0
10883,07/05/2025,19,431.36,12,2,0,UPI,Yearly,0
10884,25/02/2025,16,489.04,5,1,1,UPI,Monthly,1
10885,02/08/2025,14,,6,2,0,Net Banking,Yearly,0
10886,14/01/2025,21,351.14,12,5,1,Credit Card,Quarterly,0
10887,28/01/2025,16,552.74,9,0,1,Net Banking,Yearly,0
10888,19/03/2025,5,543.53,10,1,0,UPI,Quarterly,0
10889,04/08/2025,9,504.76,9,2,1,Debit Card,Monthly,0
10890,31/12/2025,2,538.82,8,1,0,UPI,Monthly,0
10891,03/06/2025,18,448.15,,3,0,Credit Card,Monthly,0
10892,14/01/2025,6,304.92,7,2,1,UPI,Quarterly,0
10893,06/07/2025,9,413,10,4,1,UPI,Yearly,0
10894,08/11/2025,1,517.85,7,2,0,Net Banking,Quarterly,1
10895,07/01/2025,9,518.53,16,0,0,Credit Card,Monthly,1
10896,03/01/2025,16,503.97,7,1,0,Net Banking,Yearly,0
10897,21/04/2025,13,564.84,12,2,1,UPI,Quarterly,0
10898,26/08/2025,9,429.26,5,1,1,UPI,Monthly,0
10899,29/12/2025,21,502.2,7,3,0,Credit Card,Monthly,1
10900,27/08/2025,13,567.65,,1,0,Debit Card,Monthly,0
10901,01/10/2025,9,488.81,8,4,1,Credit Card,Yearly,0
10902,21/10/2025,11,349.8,11,2,1,Net Banking,Yearly,0
10903,15/08/2025,4,,,0,1,UPI,Monthly,0
10904,15/01/2025,2,598.7,9,3,1,Debit Card,Monthly,0
10905,11/07/2025,6,666.1,7,0,0,UPI,Quarterly,0
10906,29/04/2025,14,640.03,5,1,1,UPI,Yearly,0
10907,28/01/2025,4,526.86,8,3,0,Credit Card,Quarterly,0
10908,21/07/2025,6,354.62,4,0,1,Credit Card,Quarterly,0
10909,08/02/2025,19,498.24,4,4,0,UPI,Monthly,1
10910,30/09/2025,6,686.47,4,0,1,UPI,Quarterly,0
10911,19/08/2025,2,573.22,12,4,1,Credit Card,Monthly,0
10912,27/03/2025,18,474.1,6,2,1,Credit Card,Yearly,0
10913,06/05/2025,13,574.44,9,2,1,UPI,Monthly,0
10914,27/10/2025,9,346.67,8,2,1,UPI,Yearly,0
10915,25/01/2025,23,415.52,4,1,1,UPI,Monthly,1
10916,25/05/2025,19,368.9,10,1,1,Net Banking,Yearly,0
10917,13/01/2025,13,555.35,13,0,1,Net Banking,Monthly,0
10918,31/07/2025,11,584.69,7,4,0,Credit Card,Monthly,0
10919,25/01/2025,1,480.54,6,1,1,Net Banking,Quarterly,0
10920,09/03/2025,22,394.25,11,0,1,Debit Card,Monthly,0
10921,08/03/2025,7,496.63,6,1,1,UPI,Yearly,0
10922,21/08/2025,21,440.61,8,1,1,UPI,Quarterly,0
10923,19/04/2025,15,403.46,6,1,1,Net Banking,Quarterly,0
10924,26/05/2025,1,,13,0,1,Credit Card,Yearly,0
10925,21/04/2025,12,408.04,7,1,0,Debit Card,Yearly,0
10926,16/08/2025,7,311.04,5,2,0,Net Banking,Quarterly,1
10927,21/04/2025,15,337.71,8,3,0,Credit Card,Yearly,0
10928,03/02/2025,21,306.61,5,1,1,UPI,Monthly,0
10929,21/04/2025,19,528.7,12,0,0,UPI,Monthly,1
10930,21/09/2025,1,517.05,11,2,0,UPI,Quarterly,0
10931,24/08/2025,17,511.06,11,2,0,UPI,Monthly,0
10932,24/03/2025,17,569.53,8,1,1,Credit Card,Monthly,0
10933,11/02/2025,3,642.04,,0,1,UPI,Monthly,0
10934,11/04/2025,12,427.93,9,1,0,UPI,Monthly,0
10935,06/01/2025,6,547.78,12,2,1,Credit Card,Yearly,0
10936,29/06/2025,11,309.45,14,0,1,UPI,Quarterly,0
10937,09/10/2025,3,664.45,4,4,0,Credit Card,Yearly,1
10938,16/11/2025,8,349.62,6,0,1,Credit Card,Quarterly,0
10939,14/08/2025,14,413.79,11,4,1,Credit Card,Monthly,0
10940,11/11/2025,14,427.27,9,3,0,Net Banking,Monthly,1
10941,31/12/2025,10,315.85,10,1,0,UPI,Monthly,0
10942,17/08/2025,2,502.91,5,0,1,UPI,Yearly,0
10943,16/10/2025,14,524.67,4,1,1,Net Banking,Monthly,0
10944,30/05/2025,9,476.27,5,1,0,Credit Card,Monthly,1
10945,04/10/2025,3,314.17,8,3,1,Debit Card,Yearly,0
10946,17/07/2025,21,737.01,12,3,1,UPI,Quarterly,0
10947,11/03/2025,8,564.91,6,0,1,Debit Card,Monthly,0
10948,22/04/2025,16,815.11,16,1,0,Net Banking,Monthly,1
10949,04/01/2025,2,402.39,5,2,1,Credit Card,Yearly,0
10950,16/12/2025,6,613.95,7,1,0,UPI,Yearly,0
10951,27/11/2025,21,592.51,10,3,1,Net Banking,Monthly,0
10952,14/11/2025,12,464.13,7,2,1,Debit Card,Monthly,1
10953,16/12/2025,5,668.33,10,2,1,Debit Card,Yearly,0
10954,05/04/2025,2,450.35,6,0,1,UPI,Quarterly,0
10955,01/06/2025,16,455.69,8,1,1,Debit Card,Yearly,0
10956,07/11/2025,5,199,10,2,1,UPI,Quarterly,0
10957,17/05/2025,15,548.08,5,1,1,UPI,Yearly,1
10958,04/09/2025,12,339.94,6,1,0,Credit Card,Monthly,1
10959,31/08/2025,4,432.91,10,1,1,UPI,Monthly,0
10960,31/01/2025,15,375.85,3,6,0,Debit Card,Quarterly,1
10961,09/02/2025,11,455.05,1,0,1,Credit Card,Quarterly,1
10962,17/08/2025,16,552.27,5,0,1,UPI,Yearly,0
10963,05/02/2025,23,500.34,14,2,1,Debit Card,Monthly,0
10964,11/08/2025,6,584.16,8,5,0,Net Banking,Yearly,0
10965,06/01/2025,14,650.88,7,1,1,UPI,Monthly,0
10966,18/11/2025,18,454.74,7,1,1,Credit Card,Quarterly,0
10967,08/08/2025,12,441.57,11,3,0,UPI,Monthly,0
10968,16/03/2025,11,613.93,8,1,1,Credit Card,Quarterly,0
10969,04/01/2025,13,623.45,2,0,1,UPI,Quarterly,0
10970,01/12/2025,21,587.87,,1,1,UPI,Monthly,0
10971,14/05/2025,23,384.74,9,0,1,UPI,Monthly,0
10972,28/04/2025,11,549.72,5,1,1,Net Banking,Quarterly,0
10973,04/04/2025,23,512.14,11,3,1,Credit Card,Yearly,0
10974,03/03/2025,16,,7,1,0,Credit Card,Monthly,0
10975,13/07/2025,15,,6,2,0,UPI,Monthly,0
10976,01/12/2025,21,299.01,9,2,1,Credit Card,Monthly,0
10977,22/07/2025,15,581.83,9,2,1,UPI,Yearly,0
10978,26/01/2025,4,199,7,1,0,UPI,Monthly,1
10979,22/06/2025,11,411.22,5,2,0,Credit Card,Monthly,1
10980,27/10/2025,19,376.22,6,1,1,UPI,Quarterly,0
10981,13/05/2025,15,,7,0,1,UPI,Quarterly,0
10982,22/11/2025,4,409.12,13,0,0,Credit Card,Monthly,0
10983,28/04/2025,21,645.08,7,3,1,Debit Card,Yearly,0
10984,20/11/2025,13,597.47,8,2,0,UPI,Quarterly,0
10985,02/10/2025,22,468.79,2,1,1,UPI,Quarterly,1
10986,31/07/2025,19,635.03,8,0,1,UPI,Monthly,0
10987,13/08/2025,2,371.52,4,2,1,Net Banking,Yearly,0
10988,20/01/2025,14,355.21,10,1,1,Debit Card,Monthly,0
10989,23/04/2025,4,602.63,11,1,1,Credit Card,Monthly,0
10990,20/05/2025,16,568.56,7,1,0,Net Banking,Monthly,1
10991,16/02/2025,21,443.77,11,2,0,Credit Card,Quarterly,1
10992,01/01/2025,20,362.74,10,3,1,Net Banking,Quarterly,0
10993,31/03/2025,14,674.17,11,3,1,UPI,Quarterly,0
10994,22/05/2025,15,292.59,12,0,1,UPI,Monthly,0
10995,16/11/2025,3,427.19,7,2,1,Credit Card,Quarterly,0
10996,07/02/2025,8,526.43,7,3,1,UPI,Quarterly,0
10997,20/10/2025,16,715.26,8,3,0,Credit Card,Monthly,0
10998,19/05/2025,10,544.97,10,2,1,UPI,Yearly,0
10999,22/12/2025,4,556.64,11,1,1,Credit Card,Monthly,0
11000,29/11/2025,18,430.67,10,2,1,UPI,Quarterly,0
11001,16/09/2025,2,567.22,9,2,1,UPI,Monthly,0
11002,10/06/2025,17,511.64,3,1,1,Net Banking,Quarterly,0
11003,27/06/2025,13,308.38,7,1,1,Net Banking,Yearly,0
11004,10/01/2025,4,594.15,3,1,1,Net Banking,Yearly,0
11005,18/09/2025,11,615.45,10,3,1,Debit Card,Monthly,0
11006,18/05/2025,7,595.4,7,1,1,Debit Card,Monthly,1
11007,21/06/2025,12,503,6,0,1,Credit Card,Monthly,0
11008,13/01/2025,10,384.26,11,1,1,UPI,Yearly,0
11009,17/06/2025,7,221.9,7,5,0,UPI,Quarterly,0
11010,10/05/2025,13,517.85,12,0,1,UPI,Monthly,0
11011,25/03/2025,7,,4,0,1,Net Banking,Monthly,1
11012,17/11/2025,17,618.46,8,1,1,UPI,Yearly,0
11013,15/11/2025,10,596.93,8,3,0,Net Banking,Quarterly,1
11014,11/04/2025,10,490.09,4,1,1,Credit Card,Monthly,0
11015,25/11/2025,4,629.5,11,1,1,Debit Card,Monthly,0
11016,30/09/2025,20,609.9,7,1,0,UPI,Monthly,1
11017,22/09/2025,4,448.28,8,0,1,UPI,Quarterly,0
11018,07/02/2025,22,580.19,11,1,1,Net Banking,Yearly,0
11019,04/04/2025,7,434.68,3,,1,UPI,Yearly,0
11020,05/04/2025,22,563.8,10,1,0,UPI,Monthly,0
11021,01/11/2025,1,343.11,11,1,1,UPI,Yearly,0
11022,10/03/2025,12,352.33,3,1,0,UPI,Monthly,0
11023,14/11/2025,13,625.98,10,0,1,UPI,Monthly,0
11024,24/08/2025,10,611.51,9,1,0,Credit Card,Yearly,0
11025,30/11/2025,15,575.03,8,1,0,Credit Card,Monthly,0
11026,17/05/2025,13,509.56,9,1,1,Credit Card,Monthly,0
11027,17/03/2025,23,212.05,7,1,1,UPI,Yearly,0
11028,04/02/2025,22,490.01,6,4,1,Debit Card,Monthly,0
11029,01/01/2025,22,553.5,10,0,1,Debit Card,Quarterly,0
11030,23/10/2025,21,434.83,12,0,1,UPI,Yearly,0
11031,16/11/2025,22,413.5,8,1,1,UPI,Quarterly,0
11032,01/03/2025,9,672.33,9,0,1,UPI,Monthly,0
11033,16/11/2025,9,491.77,11,1,0,Debit Card,Monthly,1
11034,15/12/2025,15,553.58,9,0,0,Debit Card,Monthly,0
11035,24/11/2025,10,591.9,6,2,1,Net Banking,Monthly,0
11036,24/09/2025,10,378.83,8,2,0,UPI,Quarterly,1
11037,27/12/2025,8,522.18,6,1,1,Credit Card,Monthly,0
11038,17/08/2025,16,657.36,,1,1,UPI,Monthly,1
11039,27/09/2025,17,717.31,7,0,0,UPI,Quarterly,0
11040,12/11/2025,5,503.79,7,0,1,Credit Card,Quarterly,0
11041,13/10/2025,4,470.45,6,3,0,UPI,Yearly,0
11042,18/10/2025,18,531.28,9,3,1,Debit Card,Monthly,0
11043,01/08/2025,19,528.24,13,1,1,Credit Card,Yearly,0
11044,14/06/2025,4,665.41,5,0,1,Debit Card,Quarterly,0
11045,05/01/2025,7,379.43,2,3,0,UPI,Monthly,1
11046,05/12/2025,10,465.42,,2,1,Net Banking,Monthly,0
11047,19/03/2025,18,364.94,6,0,0,Net Banking,Monthly,0
11048,03/03/2025,19,377.55,9,,1,Net Banking,Quarterly,0
11049,12/05/2025,4,544.19,11,0,1,Debit Card,Monthly,0
11050,30/03/2025,10,596.18,9,2,1,Debit Card,Yearly,0
11051,25/08/2025,1,421.07,5,2,1,Credit Card,Quarterly,0
11052,11/02/2025,23,591.65,,0,1,UPI,Yearly,0
11053,30/03/2025,18,632.39,5,2,0,Debit Card,Monthly,1
11054,23/10/2025,5,731.16,14,3,0,Debit Card,Monthly,0
11055,24/11/2025,15,507.37,5,1,1,Net Banking,Monthly,0
11056,22/10/2025,17,422.23,8,0,0,Credit Card,Monthly,0
11057,14/04/2025,3,378.7,6,1,1,UPI,Yearly,0
11058,14/01/2025,12,366.78,13,3,1,Debit Card,Monthly,0
11059,15/10/2025,2,648.97,8,3,1,Net Banking,Monthly,1
11060,28/06/2025,1,317.19,6,5,1,UPI,Monthly,0
11061,05/05/2025,23,645.13,7,2,1,UPI,Monthly,1
11062,19/12/2025,21,394.79,5,1,1,Credit Card,Yearly,1
11063,23/01/2025,17,416.78,11,2,1,UPI,Quarterly,0
11064,04/03/2025,22,480.81,11,3,1,UPI,Quarterly,1
11065,23/05/2025,16,414.56,9,2,1,UPI,Monthly,1
11066,02/06/2025,5,610.84,5,2,1,Net Banking,Yearly,0
11067,25/05/2025,15,716.6,11,1,1,UPI,Quarterly,0
11068,13/08/2025,3,420.11,6,1,1,Credit Card,Monthly,0
11069,05/11/2025,7,447.13,10,1,0,Debit Card,Monthly,1
11070,14/04/2025,11,479.4,4,3,0,Net Banking,Yearly,0
11071,14/04/2025,10,563.93,7,0,1,Net Banking,Quarterly,0
11072,08/02/2025,9,480.58,11,0,1,Credit Card,Quarterly,0
11073,17/07/2025,14,665.47,10,3,0,Net Banking,Monthly,1
11074,14/05/2025,13,636.59,7,3,1,UPI,Monthly,1
11075,08/03/2025,2,356.74,10,3,1,Debit Card,Quarterly,1
11076,28/06/2025,3,561.52,8,1,1,Credit Card,Quarterly,0
11077,11/02/2025,7,681.44,3,1,1,UPI,Quarterly,1
11078,15/01/2025,21,439.63,7,0,0,Credit Card,Quarterly,1
11079,21/04/2025,18,463.69,6,1,1,UPI,Monthly,0
11080,06/06/2025,3,435.64,8,0,1,Net Banking,Quarterly,0
11081,16/10/2025,10,438.15,9,1,1,UPI,Yearly,0
11082,19/08/2025,22,298.79,10,3,0,Credit Card,Yearly,0
11083,06/06/2025,7,339.6,12,3,0,UPI,Monthly,0
11084,07/02/2025,9,508.3,10,2,1,UPI,Monthly,0
11085,07/04/2025,17,680.63,7,0,0,Net Banking,Yearly,0
11086,16/10/2025,11,425.4,7,2,1,Debit Card,Quarterly,0
11087,11/09/2025,7,421.87,13,1,1,Net Banking,Quarterly,0
11088,15/07/2025,14,703.18,8,1,1,UPI,Yearly,0
11089,27/03/2025,19,366.01,13,2,1,UPI,Quarterly,0
11090,18/11/2025,4,299.65,5,2,1,Credit Card,Quarterly,1
11091,10/01/2025,6,399.58,7,3,1,Credit Card,Monthly,1
11092,05/01/2025,10,419.47,9,0,1,UPI,Monthly,0
11093,03/05/2025,7,289.31,3,1,1,Debit Card,Monthly,1
11094,26/11/2025,13,483.63,11,0,1,UPI,Yearly,0
11095,19/12/2025,14,612.81,5,3,1,UPI,Monthly,1
11096,28/04/2025,4,344.69,6,1,1,UPI,Monthly,0
11097,21/10/2025,8,509.51,8,0,0,Credit Card,Yearly,0
11098,08/06/2025,5,546.51,4,0,1,Debit Card,Quarterly,0
11099,30/10/2025,1,488.99,5,1,1,Credit Card,Quarterly,0
11100,16/08/2025,4,521.28,15,2,1,Credit Card,Monthly,0
11101,31/12/2025,3,,4,0,1,UPI,Yearly,0
11102,04/08/2025,9,401.47,5,3,1,Net Banking,Monthly,1
11103,03/07/2025,8,678.83,14,1,1,Net Banking,Monthly,0
11104,15/01/2025,1,648.73,5,3,1,Debit Card,Monthly,1
11105,06/06/2025,6,,12,1,1,UPI,Monthly,0
11106,16/05/2025,9,620.64,13,0,1,Credit Card,Monthly,0
11107,18/09/2025,7,310,5,3,0,Credit Card,Quarterly,1
11108,06/06/2025,4,610.13,6,2,1,Net Banking,Monthly,0
11109,16/02/2025,13,577.67,8,1,1,Net Banking,Quarterly,1
11110,20/11/2025,17,314.62,8,2,1,Net Banking,Monthly,1
11111,28/11/2025,2,473.21,6,2,0,UPI,Monthly,1
11112,22/06/2025,5,532.22,,3,0,Net Banking,Quarterly,0
11113,10/05/2025,12,698.72,10,1,1,Credit Card,Yearly,0
11114,05/04/2025,21,585.97,6,1,0,Debit Card,Yearly,0
11115,25/04/2025,8,395.25,7,0,1,Credit Card,Yearly,0
11116,31/08/2025,6,,4,2,1,UPI,Quarterly,0
11117,19/10/2025,8,504.25,7,4,1,Credit Card,Quarterly,0
11118,09/10/2025,18,468.3,10,1,0,UPI,Quarterly,0
11119,26/10/2025,3,459.75,4,3,1,UPI,Quarterly,0
11120,10/10/2025,22,304.17,10,1,1,Net Banking,Monthly,0
11121,10/03/2025,12,485.83,7,1,1,UPI,Quarterly,0
11122,28/05/2025,3,558.7,11,2,1,UPI,Monthly,1
11123,11/01/2025,22,452.75,9,2,1,UPI,Monthly,0
11124,11/09/2025,6,549.45,7,0,0,Credit Card,Quarterly,0
11125,26/11/2025,2,395.27,9,3,1,Net Banking,Monthly,0
11126,26/12/2025,23,482.09,6,1,1,UPI,Monthly,0
11127,07/02/2025,12,536.98,8,3,1,UPI,Monthly,1
11128,14/05/2025,2,521.76,6,3,1,Net Banking,Yearly,0
11129,19/07/2025,6,306.34,8,2,1,Net Banking,Monthly,1
11130,23/01/2025,17,446.32,10,2,0,UPI,Monthly,1
11131,30/10/2025,3,700.3,9,1,1,Debit Card,Yearly,0
11132,12/12/2025,2,439.91,7,2,1,Debit Card,Monthly,0
11133,29/10/2025,23,,13,2,1,Debit Card,Monthly,0
11134,29/12/2025,20,488.59,9,2,1,Credit Card,Monthly,0
11135,06/08/2025,8,,10,1,1,Net Banking,Monthly,0
11136,21/05/2025,22,653.84,7,1,1,UPI,Monthly,0
11137,14/04/2025,12,595.9,9,2,1,UPI,Monthly,0
11138,29/07/2025,4,382.21,7,1,0,UPI,Monthly,0
11139,21/04/2025,5,542.1,9,4,1,Credit Card,Yearly,0
11140,14/04/2025,13,567.15,10,2,1,Net Banking,Quarterly,0
11141,12/11/2025,15,415.17,6,3,1,Credit Card,Quarterly,0
11142,20/06/2025,23,394.54,6,1,0,UPI,Monthly,1
11143,22/12/2025,16,703.6,1,0,1,Credit Card,Monthly,0
11144,20/11/2025,10,462.9,10,2,0,Credit Card,Yearly,0
11145,13/05/2025,23,692.8,5,1,1,Net Banking,Monthly,1
11146,20/10/2025,16,618.65,13,3,1,Credit Card,Yearly,0
11147,24/11/2025,12,547.95,13,3,1,Credit Card,Monthly,0
11148,07/05/2025,17,553.3,11,0,1,Debit Card,Yearly,0
11149,16/04/2025,16,330.95,9,0,1,Debit Card,Monthly,0
11150,02/04/2025,12,523.81,7,0,1,Credit Card,Monthly,0
11151,14/10/2025,8,669.04,6,5,0,UPI,Quarterly,0
11152,20/02/2025,20,580.76,9,4,1,Net Banking,Quarterly,0
11153,29/01/2025,3,517.52,8,3,0,Debit Card,Monthly,1
11154,23/10/2025,16,704.43,6,1,1,Debit Card,Yearly,0
11155,24/10/2025,13,476.8,10,1,1,Net Banking,Monthly,0
11156,02/08/2025,23,424.65,9,2,0,Debit Card,Monthly,0
11157,24/09/2025,19,517.46,7,1,1,Debit Card,Quarterly,0
11158,14/09/2025,8,590.98,10,0,1,Net Banking,Quarterly,0
11159,29/10/2025,22,292.86,8,1,1,UPI,Yearly,1
11160,11/04/2025,5,533.18,6,1,0,Credit Card,Monthly,1
11161,12/12/2025,20,596.24,7,0,1,Credit Card,Monthly,1
11162,20/04/2025,8,466.64,10,2,0,UPI,Quarterly,0
11163,01/07/2025,12,631.84,5,3,0,Debit Card,Monthly,0
11164,09/11/2025,1,575.94,9,2,0,Debit Card,Monthly,0
11165,01/01/2025,21,755.97,5,6,1,Debit Card,Monthly,0
11166,15/11/2025,20,408.93,8,2,0,Net Banking,Monthly,1
11167,24/02/2025,6,598.69,4,2,0,UPI,Monthly,1
11168,29/05/2025,22,376.92,7,5,1,Debit Card,Monthly,1
11169,05/11/2025,18,305.16,5,2,1,Credit Card,Quarterly,0
11170,17/05/2025,8,254.74,16,1,0,UPI,Quarterly,0
11171,21/07/2025,7,563.6,2,1,0,UPI,Monthly,1
11172,09/11/2025,1,,8,2,1,Net Banking,Monthly,0
11173,27/04/2025,21,441.51,9,0,0,Credit Card,Monthly,1
11174,03/06/2025,16,286.18,11,3,1,Debit Card,Monthly,1
11175,18/10/2025,12,416.15,8,3,0,Credit Card,Quarterly,0
11176,04/03/2025,6,499.49,6,1,0,UPI,Yearly,0
11177,01/09/2025,20,594.18,11,1,1,UPI,Quarterly,0
11178,25/01/2025,2,497.02,7,3,0,UPI,Quarterly,1
11179,31/03/2025,14,529.25,10,3,0,Net Banking,Monthly,1
11180,16/03/2025,4,453.86,10,1,1,UPI,Monthly,0
11181,21/10/2025,1,708.91,8,1,1,Net Banking,Yearly,0
11182,29/07/2025,23,376.81,7,3,1,Net Banking,Yearly,0
11183,13/12/2025,18,415.09,3,3,1,Net Banking,Monthly,0
11184,17/01/2025,13,439.92,13,0,1,Credit Card,Monthly,0
11185,08/05/2025,2,564.12,7,1,1,Net Banking,Quarterly,0
11186,30/12/2025,9,374.34,7,3,1,UPI,Monthly,0
11187,08/09/2025,21,515.29,12,1,1,UPI,Quarterly,0
11188,28/06/2025,2,518.79,5,3,1,UPI,Yearly,0
11189,01/07/2025,9,415.68,7,0,0,Net Banking,Monthly,0
11190,01/06/2025,1,538.6,7,1,1,UPI,Yearly,0
11191,25/01/2025,11,378.06,6,3,1,Credit Card,Yearly,0
11192,29/06/2025,3,364.95,9,0,1,UPI,Yearly,0
11193,17/07/2025,20,510.95,6,3,1,UPI,Monthly,0
11194,10/12/2025,23,299.83,7,0,1,UPI,Monthly,0
11195,10/06/2025,4,241.62,11,,1,Net Banking,Quarterly,1
11196,26/06/2025,18,562.94,10,2,1,Credit Card,Monthly,0
11197,12/10/2025,23,624.88,4,0,1,Net Banking,Monthly,1
11198,04/03/2025,6,442.98,11,0,1,Debit Card,Monthly,0
11199,30/05/2025,3,418.83,9,0,1,Net Banking,Quarterly,0
11200,03/06/2025,22,619.66,11,1,1,Credit Card,Monthly,0
